{"cameraMode":{"drawMode":0,"name":"Shaded","section":"Shading Mode"},"sceneLighting":true,"audioPlay":false,"sceneViewState":{"showFog":true,"showMaterialUpdate":false,"showSkybox":true,"showFlares":true,"showImageEffects":true,"showParticleSystems":true},"in2DMode":false,"pivot":{"x":2.0003128051757814,"y":-0.7387542724609375,"z":1.7198772430419922},"rotation":{"x":-0.11773420125246048,"y":0.8812807202339172,"z":-0.3006889522075653,"w":-0.3450640141963959},"size":58.447792053222659,"orthographic":false}