{"cameraMode":{"drawMode":0,"name":"Shaded","section":"Shading Mode"},"sceneLighting":true,"audioPlay":false,"sceneViewState":{"showFog":true,"showMaterialUpdate":false,"showSkybox":true,"showFlares":true,"showImageEffects":true,"showParticleSystems":true},"in2DMode":false,"pivot":{"x":-0.6944180727005005,"y":0.0709991455078125,"z":-0.3435540199279785},"rotation":{"x":0.20292793214321137,"y":-0.22961893677711488,"z":0.04901586100459099,"w":0.9506276249885559},"size":13.058571815490723,"orthographic":false}