{"cameraMode":{"drawMode":2,"name":"Shaded Wireframe","section":"Shading Mode"},"sceneLighting":true,"audioPlay":false,"sceneViewState":{"showFog":true,"showMaterialUpdate":false,"showSkybox":true,"showFlares":true,"showImageEffects":true,"showParticleSystems":true},"in2DMode":false,"pivot":{"x":-4.898573398590088,"y":2.246351718902588,"z":3.0125815868377687},"rotation":{"x":0.12932215631008149,"y":0.8618243932723999,"z":-0.27399230003356936,"w":0.4067712128162384},"size":0.43643510341644289,"orthographic":false}