{"cameraMode":{"drawMode":2,"name":"Shaded Wireframe","section":"Shading Mode"},"sceneLighting":true,"audioPlay":false,"sceneViewState":{"showFog":true,"showMaterialUpdate":false,"showSkybox":true,"showFlares":true,"showImageEffects":true,"showParticleSystems":true},"in2DMode":false,"pivot":{"x":0.9607317447662354,"y":1.5793025493621827,"z":1.1112933158874512},"rotation":{"x":0.028634974732995034,"y":0.9711199998855591,"z":-0.15603865683078767,"w":0.17820775508880616},"size":5.312918663024902,"orthographic":false}