{"cameraMode":{"drawMode":2,"name":"Shaded Wireframe","section":"Shading Mode"},"sceneLighting":true,"audioPlay":false,"sceneViewState":{"showFog":true,"showMaterialUpdate":false,"showSkybox":true,"showFlares":true,"showImageEffects":true,"showParticleSystems":true},"in2DMode":false,"pivot":{"x":-0.16912446916103364,"y":0.38484659790992739,"z":-0.003946542739868164},"rotation":{"x":0.09168127924203873,"y":0.010762512683868409,"z":-0.0009898889111354948,"w":0.9957297444343567},"size":3.2341275215148927,"orthographic":false}