{"cameraMode":{"drawMode":2,"name":"Shaded Wireframe","section":"Shading Mode"},"sceneLighting":true,"audioPlay":false,"sceneViewState":{"showFog":true,"showMaterialUpdate":false,"showSkybox":true,"showFlares":true,"showImageEffects":true,"showParticleSystems":true},"in2DMode":false,"pivot":{"x":2.5424606800079347,"y":1.5339574813842774,"z":2.096313238143921},"rotation":{"x":0.05859290808439255,"y":0.9207385182380676,"z":-0.1521967202425003,"w":0.3544626235961914},"size":5.312918663024902,"orthographic":false}