{"cameraMode":{"drawMode":2,"name":"Shaded Wireframe","section":"Shading Mode"},"sceneLighting":true,"audioPlay":false,"sceneViewState":{"showFog":true,"showMaterialUpdate":false,"showSkybox":true,"showFlares":true,"showImageEffects":true,"showParticleSystems":true},"in2DMode":false,"pivot":{"x":2.9261372089385988,"y":1.6874377727508546,"z":1.856344223022461},"rotation":{"x":0.004621960688382387,"y":0.9886780381202698,"z":-0.1467125415802002,"w":0.031142238527536393},"size":5.312918663024902,"orthographic":false}