{"cameraMode":{"drawMode":2,"name":"Shaded Wireframe","section":"Shading Mode"},"sceneLighting":true,"audioPlay":false,"sceneViewState":{"showFog":true,"showMaterialUpdate":false,"showSkybox":true,"showFlares":true,"showImageEffects":true,"showParticleSystems":true},"in2DMode":false,"pivot":{"x":4.625235080718994,"y":0.1930093765258789,"z":4.103878021240234},"rotation":{"x":0.21485111117362977,"y":-0.1046372577548027,"z":0.02315998636186123,"w":0.970749020576477},"size":19.972803115844728,"orthographic":false}