{"cameraMode":{"drawMode":2,"name":"Shaded Wireframe","section":"Shading Mode"},"sceneLighting":true,"audioPlay":false,"sceneViewState":{"showFog":true,"showMaterialUpdate":false,"showSkybox":true,"showFlares":true,"showImageEffects":true,"showParticleSystems":true},"in2DMode":false,"pivot":{"x":-0.2427539825439453,"y":0.7565393447875977,"z":17.190885543823243},"rotation":{"x":0.13849253952503205,"y":0.7830857634544373,"z":-0.1881646364927292,"w":0.5763598084449768},"size":65.39712524414063,"orthographic":false}