{"cameraMode":{"drawMode":2,"name":"Shaded Wireframe","section":"Shading Mode"},"sceneLighting":true,"audioPlay":false,"sceneViewState":{"showFog":true,"showMaterialUpdate":false,"showSkybox":true,"showFlares":true,"showImageEffects":true,"showParticleSystems":true},"in2DMode":false,"pivot":{"x":-0.9653455018997192,"y":2.283041000366211,"z":0.5467123985290527},"rotation":{"x":0.23458871245384217,"y":0.2210811972618103,"z":-0.0548788458108902,"w":0.9450289011001587},"size":61.22323989868164,"orthographic":false}